"","Name","PDGA #","Rating","Class","City","State/Prov","Country","Membership Status"
"1","Eagle Wynne McMahon",37817,1056,"Pro","Boulder","CO","United States","Current (until Dec 31st 2021)"
"2","Calvin Heimburg",45971,1054,"Pro","Tampa Bay","FL","United States","Current (until Dec 31st 2021)"
"3","Richard Wysocki",38008,1053,"Pro","Campobello","SC","United States","Current (until Dec 31st 2021)"
"4","Paul McBeth",27523,1051,"Pro","Huntington Beach","CA","United States","Current (until Dec 31st 2021)"
"5","Chris Dickerson",62467,1049,"Pro","Limestone","TN","United States","Current (until Dec 31st 2021)"
"6","Andrew Simmons",166681,1044,"Pro","Plano","TX","United States","Current (until Dec 31st 2021)"
"7","Marvin Tetzel",53117,1043,"Pro","Wolfenbüttel","","Germany","Current (until Dec 31st 2021)"
"8","James Proctor",34250,1041,"Pro","Seattle","WA","United States","Current (until Dec 31st 2021)"
"9","Scott Withers",38464,1040,"Pro","Albany","OR","United States","Current (until Dec 31st 2021)"
"10","Joshua Anthon",17946,1040,"Pro","Rio Linda","CA","United States","Current (until Dec 31st 2021)"
"11","Adam Hammes",57365,1039,"Pro","Minocqua","WI","United States","Current (until Dec 31st 2021)"
"12","Drew Gibson",48346,1039,"Pro","Carmichael","CA","United States","Current (until Dec 31st 2021)"
"13","Nathan Sexton",18824,1037,"Pro","Olympia","WA","United States","Current (until Dec 31st 2023)"
"14","Kevin Jones",41760,1037,"Pro","Greenwood","AR","United States","Current (until Dec 31st 2021)"
"15","Kyle Crabtree",25596,1037,"Pro","Fife","WA","United States","Current (until Dec 31st 2021)"
"16","DeVan Owens",25168,1036,"Pro","Phoenix","AZ","United States","Current (until Dec 31st 2021)"
"17","Garrett Gurthie",13864,1036,"Pro","Hawthorne","FL","United States","Current (until Dec 31st 2021)"
"18","Dallin Blanchard",72707,1035,"Pro","Idaho Falls","ID","United States","Current (until Dec 31st 2021)"
"19","Andrew Fish",58320,1035,"Pro","Baltimore","MD","United States","Current (until Dec 31st 2021)"
"20","Simon Lizotte",8332,1035,"Pro","Shrewsbury","MA","United States","Current (until Dec 31st 2024)"
"21","Väinö Mäkelä",59635,1035,"Pro","Jyskä","","Finland","Current (until Dec 31st 2021)"
"22","Matthew Orum",18330,1034,"Pro","Creola","AL","United States","Current (until Dec 31st 2021)"
"23","Jesse Nieminen",58923,1033,"Pro","KUOPIO","","Finland","Current (until Dec 31st 2021)"
"24","Cale Leiviska",24341,1033,"Pro","Little Canada","MN","United States","Current (until Dec 31st 2021)"
"25","Steven Rico",4666,1031,"Pro","Sylmar","CA","United States","Current (until Dec 31st 2021)"
"26","Stephan Müller",4498,1025,"Pro","Winterthur","","Switzerland","Current (until Dec 31st 2022)"
"27","Joe Rovere",30306,1025,"Pro","Arvada","CO","United States","Current (until Dec 31st 2021)"
"28","Philo Brathwaite",26416,1025,"Pro","Tujunga","CA","United States","Current (until Dec 31st 2021)"
"29","Niklas Anttila",91249,1025,"Pro","Kuopio","","Finland","Current (until Dec 31st 2021)"
"30","Karl Johan Nybo",28903,1025,"Pro","Copenhagen","","Denmark","Current (until Dec 31st 2024)"
"31","Isaac Robinson",50670,1024,"Pro","Lawrenceville","GA","United States","Current (until Dec 31st 2021)"
"32","Thomas Gilbert",85850,1024,"Pro","Toronto","ON","Canada","Current (until Dec 31st 2021)"
"33","Tony Ferro",33551,1024,"Pro","Oekingen","","Switzerland","Current (until Dec 31st 2021)"
"34","Elijah Bickel",94844,1024,"Pro","Peru","IN","United States","Current (until Dec 31st 2021)"
"35","David Feldberg",12626,1023,"Pro","Eatonton","GA","United States","Current (until Dec 31st 2021)"
"36","Colten Montgomery",35876,1023,"Pro","Berthoud","CO","United States","Current (until Dec 31st 2021)"
"37","Alden Harris",98091,1023,"Pro","Woodstock","GA","United States","Current (until Dec 31st 2021)"
"38","Justin Workman",110871,1022,"Pro","Englewood","CO","United States","Current (until Dec 31st 2021)"
"39","James Cole",29690,1022,"Pro","East Ridge","TN","United States","Current (until Dec 31st 2021)"
"40","Cameron Colglazier",47407,1022,"Pro","Mobile","AL","United States","Current (until Dec 31st 2021)"
"41","Eric Oakley",53565,1022,"Pro","Pensacola","FL","United States","Current (until Dec 31st 2021)"
"42","Casey Hanemayer",67314,1022,"Pro","Cranbrook","BC","Canada","Current (until Dec 31st 2021)"
"43","Albert Tamm",76669,1022,"Pro","Tartu / Tartumaa","","Estonia","Current (until Dec 31st 2021)"
"44","Ezra Aderhold",121715,1022,"Pro","Aberdeen","SD","United States","Current (until Dec 31st 2021)"
"45","Martin Hendel",39469,1022,"Pro","St Thomas","ON","Canada","Current (until Dec 31st 2021)"
"46","Emerson Keith",47472,1021,"Pro","Argyle","TX","United States","Current (until Dec 31st 2021)"
"47","Bradley Williams",31644,1021,"Pro","Austin","TX","United States","Current (until Dec 31st 2021)"
"48","Jerome Braun",35075,1021,"Pro","Berlin","","Germany","Current (until Dec 31st 2021)"
"49","Kyle Klein",85132,1020,"Pro","Wyoming","MI","United States","Current (until Dec 31st 2021)"
"50","Matt Bell",48950,1020,"Pro","Santa Cruz","CA","United States","Current (until Dec 31st 2021)"
"51","Leif Swenson",32388,1020,"Pro","Davis","CA","United States","Current (until Dec 31st 2021)"
"52","Øyvind Jarnes",41884,1020,"Pro","Langevåg","","Norway","Current (until Dec 31st 2021)"
"53","Gregg Barsby",15857,1020,"Pro","Grass Valley","CA","United States","Current (until Dec 31st 2021)"
"54","Jesper Lundmark <U+24BD>",15239,1020,"Pro","Skellefteå","","Sweden","Current (until Dec 31st 2023)"
"55","Nolan Grider",13219,1019,"Pro","Anna","TX","United States","Current (until Dec 31st 2021)"
"56","Oskari Vikström",74130,1019,"Pro","Jyväskylä","","Finland","Current (until Dec 31st 2021)"
"57","Chris Nelson",78697,1019,"Pro","Beaverton","OR","United States","Current (until Dec 31st 2021)"
"58","Ryan Muizelaar",103366,1019,"Pro","Grand Forks","ND","United States","Current (until Dec 31st 2021)"
"59","Austin Hannum",68835,1019,"Pro","Perry","OK","United States","Current (until Dec 31st 2021)"
"60","Marco Lehousse",13500,1018,"Pro","Jambes","","Belgium","Current (until Dec 31st 2021)"
"61","Justin Bunnell",20827,1018,"Pro","Smyrna","TN","United States","Current (until Dec 31st 2021)"
"62","Brian Earhart",45879,1018,"Pro","Vernon Hills","IL","United States","Current (until Dec 31st 2021)"
"63","Barry Schultz <U+24BD>",6840,1018,"Pro","Hamptonville","NC","United States","Current (until Dec 31st 2021)"
"64","Blær Örn Ásgeirsson",80554,1018,"Pro","Reykjavik","","Iceland","Current (until Dec 31st 2022)"
"65","Lauri Lehtinen",82297,1018,"Pro","Jyväskylä","","Finland","Current (until Dec 31st 2021)"
"66","Collin Bailey",52115,1018,"Pro","Austin","MN","United States","Current (until Dec 31st 2021)"
"67","Alex Russell",66362,1018,"Pro","Vancouver","WA","United States","Current (until Dec 31st 2021)"
"68","Paul Oman",34344,1017,"Pro","Evansville","IN","United States","Current (until Dec 31st 2021)"
"69","Jordan Castro",49431,1017,"Pro","Austin","MN","United States","Current (until Dec 31st 2021)"
"70","Tim Barham",53332,1017,"Pro","White Lake","MI","United States","Current (until Dec 31st 2021)"
"71","Brian Schweberger",12989,1017,"Pro","Tarboro","NC","United States","Current (until Dec 31st 2021)"
"72","Stephen Miller",29922,1017,"Pro","","VA","United States","Current (until Dec 31st 2021)"
"73","Raven Newsom",88212,1016,"Pro","Raleigh","NC","United States","Current (until Dec 31st 2021)"
"74","Dustin Keegan",35187,1016,"Pro","Eugene","OR","United States","Current (until Dec 31st 2021)"
"75","Logan Bowers",31536,1016,"Pro","Rockvale","TN","United States","Current (until Dec 31st 2021)"
"76","Lukas Schär",35215,1016,"Pro","Bern","","Switzerland","Current (until Dec 31st 2022)"
"77","Charlie Goodpasture",26455,1016,"Pro","Clearwater","FL","United States","Current (until Dec 31st 2021)"
"78","Sylvain Gouge",8431,1016,"Pro","Dijon","","France","Current (until Dec 31st 2021)"
"79","Knut Valen Håland",35070,1016,"Pro","Fiskarstrand","","Norway","Current (until Dec 31st 2021)"
"80","Leo Piironen",36099,1016,"Pro","Tampere","","Finland","Current (until Dec 31st 2021)"
"81","Stewart McIsack",73512,1015,"Pro","Mission","BC","Canada","Current (until Dec 31st 2021)"
"82","Christian Dietrich",27984,1015,"Pro","Helena","MT","United States","Current (until Dec 31st 2021)"
"83","Tobias Östling",42492,1015,"Pro","Västra Fölunda","","Sweden","Current (until Dec 31st 2022)"
"84","Brian Cook",36931,1015,"Pro","Yakima","WA","United States","Current (until Dec 31st 2021)"
"85","Daniel Pfaff",98558,1015,"Pro","Pasco","WA","United States","Current (until Dec 31st 2021)"
"86","Terry Rothlisberger",57493,1015,"Pro","Rosemount","MN","United States","Current (until Dec 31st 2021)"
"87","Chandler Fry",25541,1014,"Pro","Olympia","WA","United States","Current (until Dec 31st 2021)"
"88","Luke Humphries",69424,1014,"Pro","Wichita","KS","United States","Current (until Dec 31st 2021)"
"89","Jussi Meresmaa",14600,1014,"Pro","Lempaala","","Finland","Current (until Dec 31st 2023)"
"90","Mike Sale",46910,1014,"Pro","Santa Monica","CA","United States","Current (until Dec 31st 2021)"
"91","Miles Seaborn",29264,1014,"Pro","Logansport","LA","United States","Current (until Dec 31st 2021)"
"92","Aaron Gossage",35449,1014,"Pro","Grand Jct","CO","United States","Current (until Dec 31st 2021)"
"93","Austin Turner",54049,1014,"Pro","Mint Hill","NC","United States","Current (until Dec 31st 2021)"
"94","Seppo Paju",36744,1014,"Pro","Littoinen","","Finland","Current (until Dec 31st 2021)"
"95","Dan Hastings",33504,1014,"Pro","Sophia","NC","United States","Current (until Dec 31st 2021)"
"96","Kyle Opfer",87871,1014,"Pro","Crystal Lake","IL","United States","Current (until Dec 31st 2021)"
"97","Casey White",81739,1014,"Pro","Shirley","MA","United States","Current (until Dec 31st 2021)"
"98","Steve Brinster",10628,1014,"Pro","Warwick","NY","United States","Current (until Dec 31st 2021)"
"99","Scott Martin",5560,1013,"Pro","Bloomington","IL","United States","Current (until Dec 31st 2021)"
"100","Jon Mjelde",55364,1013,"Pro","Maple Valley","WA","United States","Current (until Dec 31st 2021)"
"101","Benjamin Callaway",39015,1013,"Pro","Davenport","IA","United States","Current (until Dec 31st 2021)"
"102","Brad Schick",7992,1013,"Pro","Galena","OH","United States","Current (until Dec 31st 2021)"
"103","Grady Shue",68285,1013,"Pro","Charlotte","NC","United States","Current (until Dec 31st 2021)"
"104","Cameron Messerschmidt",58814,1013,"Pro","Vancouver","WA","United States","Current (until Dec 31st 2021)"
"105","Severi Saviniemi",80974,1013,"Pro","Littoinen","","Finland","Current (until Dec 31st 2021)"
"106","Noah Meintsma",56555,1013,"Pro","Minneapolis","MN","United States","Current (until Dec 31st 2021)"
"107","Jason Herm",15899,1012,"Pro","Grass Valley","CA","United States","Current (until Dec 31st 2021)"
"108","Mikael Räsänen",73312,1012,"Pro","KUOPIO","","Finland","Current (until Dec 31st 2021)"
"109","Chris Villa",58197,1012,"Pro","Norristown","PA","United States","Current (until Dec 31st 2021)"
"110","Daniel Davidsson",76456,1012,"Pro","Tampere","","Finland","Current (until Dec 31st 2021)"
"111","Kim Scott-Wood",19777,1012,"Pro","Toronto","ON","Canada","Current (until Dec 31st 2021)"
"112","Jonathan Nicholson",101390,1012,"Pro","Derby","KS","United States","Current (until Dec 31st 2021)"
"113","Travis Head",47837,1012,"Pro","Vancouver","WA","United States","Current (until Dec 31st 2021)"
"114","Zach Melton",38631,1012,"Pro","Kingsport","TN","United States","Current (until Dec 31st 2021)"
"115","Maxime Tanghe",8399,1011,"Pro","Braine L'alleud","","Belgium","Current (until Dec 31st 2021)"
"116","Riku Vink",64853,1011,"Pro","Helsinki","","Finland","Current (until Dec 31st 2021)"
"117","Timothy Escobedo Jr",22698,1011,"Pro","Manor","TX","United States","Current (until Dec 31st 2021)"
"118","Bo Tillman",46480,1011,"Pro","Edmond","OK","United States","Current (until Dec 31st 2021)"
"119","Benjamin Stemen",100815,1011,"Pro","Sarasota","FL","United States","Current (until Dec 31st 2021)"
"120","Connor O'Reilly",99648,1011,"Pro","Austin","TX","United States","Current (until Dec 31st 2021)"
"121","Brenden Tetloff",64742,1011,"Pro","Saginaw","MI","United States","Current (until Dec 31st 2021)"
"122","Colin Sexton",22547,1010,"Pro","Corvallis","OR","United States","Current (until Dec 31st 2021)"
"123","Jake Lauber",44782,1010,"Pro","Ames","IA","United States","Current (until Dec 31st 2021)"
"124","Devin Frederick",16287,1010,"Pro","Hellertown","PA","United States","Current (until Dec 31st 2021)"
"125","Bobby Cowperthwait",23188,1010,"Pro","Fairfield","CT","United States","Current (until Dec 31st 2021)"
"126","Janne Hirsimäki",47516,1010,"Pro","Vihti","","Finland","Current (until Dec 31st 2021)"
"127","Brandon Brown",87673,1010,"Pro","Powell","TN","United States","Current (until Dec 31st 2021)"
"128","Peter Lunde",72576,1010,"Pro","Oslo","","Norway","Current (until Dec 31st 2021)"
"129","Tim Skellenger",26269,1010,"Pro","Portland","OR","United States","Current (until Dec 31st 2021)"
"130","Kris Orrick",20020,1010,"Pro","Knoxville","TN","United States","Current (until Dec 31st 2021)"
"131","Dominik Stampfer",35089,1010,"Pro","Heidenheim","","Germany","Current (until Dec 31st 2021)"
"132","Sonny Ashby",13061,1009,"Pro","Juneau","AK","United States","Current (until Dec 31st 2021)"
"133","Mason McKay",60972,1009,"Pro","Brandon","MS","United States","Current (until Dec 31st 2021)"
"134","Eric McCabe",11674,1009,"Pro","Emporia","KS","United States","Current (until Dec 31st 2021)"
"135","Ståle Hakstad",42588,1009,"Pro","Kristiansund N","","Norway","Current (until Dec 31st 2021)"
"136","Nick Newton",47689,1009,"Pro","Tucson","AZ","United States","Current (until Dec 31st 2021)"
"137","Brent Koontz",24900,1009,"Pro","Fort Wayne","IN","United States","Current (until Dec 31st 2021)"
"138","Jarod Gogal",72409,1009,"Pro","Terrebonne","OR","United States","Current (until Dec 31st 2021)"
"139","Peter McBride",34463,1009,"Pro","San Luis Obispo","CA","United States","Current (until Dec 31st 2021)"
"140","Noah Osborne",77277,1009,"Pro","Jonesborough","TN","United States","Current (until Dec 31st 2021)"
"141","Chris Pinegar",74719,1009,"Pro","La Mirada","CA","United States","Current (until Dec 31st 2021)"
"142","Garett Everson",98164,1009,"Pro","Sioux Falls","SD","United States","Current (until Dec 31st 2021)"
"143","Kevin Cruise",15441,1009,"Pro","Etna","OH","United States","Current (until Dec 31st 2021)"
"144","Kesler Martin",88497,1009,"Pro","Logan","UT","United States","Current (until Dec 31st 2021)"
"145","Reid Frescura",48338,1009,"Pro","Holland","MI","United States","Current (until Dec 31st 2021)"
"146","Corey Ellis",44512,1009,"Pro","Barboursville","WV","United States","Current (until Dec 31st 2021)"
"147","Stephen Curry",109496,1008,"Pro","New Britain","PA","United States","Current (until Dec 31st 2021)"
"148","Chris Ozolins",55049,1008,"Pro","Hamilton","ON","Canada","Current (until Dec 31st 2021)"
"149","Seth Talbott",114877,1008,"Pro","Austin","TX","United States","Current (until Dec 31st 2021)"
"150","Jesse Ginthum",49975,1008,"Pro","Little Chute","WI","United States","Current (until Dec 31st 2021)"
"151","Trevor Harbolt",26860,1008,"Pro","Elizabethtown","KY","United States","Current (until Dec 31st 2021)"
"152","Ryan Robinson",66977,1008,"Pro","Roseburg","OR","United States","Current (until Dec 31st 2021)"
"153","Nicholas Rowton",34180,1008,"Pro","San Angelo","TX","United States","Current (until Dec 31st 2021)"
"154","Henric Hagman",59769,1008,"Pro","Helsingborg","","Sweden","Current (until Dec 31st 2021)"
"155","Clint Kuglar",58751,1008,"Pro","Augusta","GA","United States","Current (until Dec 31st 2021)"
"156","Logan Harpool",101319,1008,"Pro","Valley Center","KS","United States","Current (until Dec 31st 2021)"
"157","Nate Perkins",65737,1008,"Pro","Austin","TX","United States","Current (until Dec 31st 2021)"
"158","Chris Becker",42894,1008,"Pro","Eugene","OR","United States","Current (until Dec 31st 2021)"
"159","Jeremy Herr",56486,1008,"Pro","Tucson","AZ","United States","Current (until Dec 31st 2021)"
"160","Daniel Brooks-Wells",79228,1008,"Pro","Whitehall","PA","United States","Current (until Dec 31st 2025)"
"161","Benedikt Heiß",62922,1008,"Pro","Berlin","","Germany","Current (until Dec 31st 2022)"
"162","Kyle Williams",40128,1008,"Pro","Cadillac","MI","United States","Current (until Dec 31st 2021)"
"163","Tyler Liebman",24981,1008,"Pro","Fort Collins","CO","United States","Current (until Dec 31st 2021)"
"164","John Anderson",19996,1008,"Pro","Lacey","WA","United States","Current (until Dec 31st 2021)"
"165","Cyrus Fuhrman",30655,1008,"Pro","Hamilton","OH","United States","Current (until Dec 31st 2021)"
"166","G.T. Hancock",49885,1008,"Pro","Bedford","TX","United States","Current (until Dec 31st 2021)"
"167","Kyle Moriarty",50920,1007,"Pro","Worcester","MA","United States","Current (until Dec 31st 2021)"
"168","Gannon Buhr",75412,1007,"Pro","Urbandale","IA","United States","Current (until Dec 31st 2021)"
"169","Niko Rättyä",52488,1007,"Pro","Ylivieska","","Finland","Current (until Dec 31st 2021)"
"170","Joseph Kozlowski",26095,1007,"Pro","Logan","UT","United States","Current (until Dec 31st 2021)"
"171","Jamie Kiep",68815,1007,"Pro","Leesburg","GA","United States","Current (until Dec 31st 2021)"
"172","Joey Lutz",45887,1007,"Pro","Chattanooga","TN","United States","Current (until Dec 31st 2021)"
"173","Mikael Häme",64889,1007,"Pro","Lahti","","Finland","Current (until Dec 31st 2021)"
"174","Mark Kistner",43592,1007,"Pro","Cheektowaga","NY","United States","Current (until Dec 31st 2021)"
"175","Ron Convers",9648,1007,"Pro","Blackwell","OK","United States","Current (until Dec 31st 2021)"
"176","Mike Lassuy",25645,1007,"Pro","Flagstaff","AZ","United States","Current (until Dec 31st 2021)"
"177","Eric Eastwood",48788,1007,"Pro","Raymore","MO","United States","Current (until Dec 31st 2021)"
"178","Samuel Stenman",74978,1007,"Pro","Pori","","Finland","Current (until Dec 31st 2021)"
"179","Patrick Brown",25713,1007,"Pro","Austin","TX","United States","Current (until Dec 31st 2021)"
"180","Thomas Perks",68437,1007,"Pro","Austin","TX","United States","Current (until Dec 31st 2021)"
"181","Masatoshi Ishihara",8153,1007,"Pro","Kashiwa / Chiba","","Japan","Current (until Dec 31st 2021)"
"182","Randon Latta",51685,1006,"Pro","Venice","FL","United States","Current (until Dec 31st 2021)"
"183","Mike Moser",5557,1006,"Pro","Wilmington","DE","United States","Current (until Dec 31st 2022)"
"184","Tyler Grady",45097,1006,"Pro","Whitefield","ME","United States","Current (until Dec 31st 2021)"
"185","AJ Carey",61770,1006,"Pro","Shelby","NC","United States","Current (until Dec 31st 2021)"
"186","Lewis Bitney",51242,1006,"Pro","Lompoc","CA","United States","Current (until Dec 31st 2021)"
"187","Kenny Clark",39829,1006,"Pro","Seattle","WA","United States","Current (until Dec 31st 2021)"
"188","Tuomas Hyytiäinen",65715,1006,"Pro","Kerava","","Finland","Current (until Dec 31st 2021)"
"189","Craig Cutler",20671,1006,"Pro","West Milford","NJ","United States","Current (until Dec 31st 2021)"
"190","Cody Bradshaw",58007,1006,"Pro","Fredericksbrg","VA","United States","Current (until Dec 31st 2021)"
"191","Kristian Bengtsson",8677,1006,"Pro","Alingsås","","Sweden","Current (until Dec 31st 2021)"
"192","Cole Redalen",79748,1006,"Pro","Hillsboro","OR","United States","Current (until Dec 31st 2021)"
"193","Markus Källström",13150,1006,"Pro","Gävle","","Sweden","Current (until Dec 31st 2021)"
"194","Jeremy Novak",68696,1006,"Pro","Payson","AZ","United States","Current (until Dec 31st 2021)"
"195","Aaron Doyle",32750,1006,"Pro","Jacksonville","FL","United States","Current (until Dec 31st 2021)"
"196","Jeff Spohr",42223,1006,"Pro","Huntington Beach","CA","United States","Current (until Dec 31st 2021)"
"197","Garry Patton",49643,1005,"Pro","Marquette Hts","IL","United States","Current (until Dec 31st 2021)"
"198","Kyle Griffin",67149,1005,"Pro","Wellington","CO","United States","Current (until Dec 31st 2021)"
"199","Samuel Aldrich",22055,1005,"Pro","Manteca","CA","United States","Current (until Dec 31st 2021)"
"200","Josh Hauke",48383,1005,"Pro","Old hickory","TN","United States","Current (until Dec 31st 2021)"
"201","Blake Bailey",28755,1005,"Pro","Fayetteville","AR","United States","Current (until Dec 31st 2021)"
"202","Robert McCall",42261,1005,"Pro","Emporia","KS","United States","Current (until Dec 31st 2021)"
"203","Evan Jolliff",107758,1005,"Pro","Ardmore","OK","United States","Current (until Dec 31st 2021)"
"204","Jeff Faes",33661,1005,"Pro","San Francisco","CA","United States","Current (until Dec 31st 2021)"
"205","Chris Blanchard",72709,1005,"Pro","Idaho Falls","ID","United States","Current (until Dec 31st 2021)"
"206","Nick Hanson",40274,1005,"Pro","Denver","CO","United States","Current (until Dec 31st 2021)"
"207","Christopher Holden",76858,1005,"Pro","Bremerton","WA","United States","Current (until Dec 31st 2021)"
"208","Luukas Rokkanen",64917,1005,"Pro","Tampere","","Finland","Current (until Dec 31st 2021)"
"209","Andrew Martin",54302,1005,"Pro","Cleveland","OH","United States","Current (until Dec 31st 2021)"
"210","Kevin McCoy",9453,1005,"Pro","Senoia","GA","United States","Current (until Dec 31st 2021)"
"211","Anders Swärd",5310,1005,"Pro","Västervik","","Sweden","Current (until Dec 31st 2021)"
"212","Zackeriath Johnson",50312,1005,"Pro","Eureka","MO","United States","Current (until Dec 31st 2021)"
"213","Jeffrey Yunker",44438,1005,"Pro","Clovis","CA","United States","Current (until Dec 31st 2021)"
"214","Sullivan Tipton",78817,1005,"Pro","Indian Spgs","AL","United States","Current (until Dec 31st 2021)"
"215","Jakub Knápek",68237,1005,"Pro","Nový Jicín","","Czech Republic","Current (until Dec 31st 2021)"
"216","Andrew Henderson",79998,1005,"Pro","Salmon Arm","BC","Canada","Current (until Dec 31st 2021)"
"217","Matthew Enman",22243,1005,"Pro","Orrington","ME","United States","Current (until Dec 31st 2021)"
"218","Carl Ulvinen",59092,1005,"Pro","Göteborg","","Sweden","Current (until Dec 31st 2021)"
"219","Timothy T3J Johnson Jr",59661,1005,"Pro","Monticello","MN","United States","Current (until Dec 31st 2021)"
"220","Tim Owston",14994,1005,"Pro","Kingsport","TN","United States","Current (until Dec 31st 2021)"
"221","Charles Behrhorst",42202,1005,"Pro","Williamsburg","VA","United States","Current (until Dec 31st 2021)"
"222","Silver Lätt",61186,1004,"Pro","Pärnu / Pärnumaa","","Estonia","Current (until Dec 31st 2021)"
"223","Bonaventura Amann",87791,1004,"Pro","Wald","","Austria","Current (until Dec 31st 2021)"
"224","Stephen Schroeder",48652,1004,"Pro","Charlotte","NC","United States","Current (until Dec 31st 2021)"
"225","Pete Ulibarri",41750,1004,"Pro","Mesa","AZ","United States","Current (until Dec 31st 2021)"
"226","Shane Seal",13928,1004,"Pro","Picayune","MS","United States","Current (until Dec 31st 2021)"
"227","Sias Elmore",57425,1004,"Pro","San Diego","CA","United States","Current (until Dec 31st 2021)"
"228","Avery Jenkins",7495,1004,"Pro","Pawhuska","OK","United States","Current (until Dec 31st 2021)"
"229","Raimo Sokka",63343,1004,"Pro","LOHJA","","Finland","Current (until Dec 31st 2021)"
"230","Ty Love",89959,1004,"Pro","Powell Butte","OR","United States","Current (until Dec 31st 2021)"
"231","Emil Dahlgren",29048,1004,"Pro","Göteborg","","Sweden","Current (until Dec 31st 2023)"
"232","Isaac Heinen",44919,1004,"Pro","Overland Park","KS","United States","Current (until Dec 31st 2021)"
"233","Chris Eads",34491,1004,"Pro","Springdale","AR","United States","Current (until Dec 31st 2021)"
"234","Edward Ward",62387,1004,"Pro","Carmel","IN","United States","Current (until Dec 31st 2021)"
"235","Pontus Welin",34761,1004,"Pro","Oskarshamn","","Sweden","Current (until Dec 31st 2023)"
"236","Kevin Kohltrain",53341,1004,"Pro","Worcester","MA","United States","Current (until Dec 31st 2021)"
"237","Joonas Aalto",71551,1004,"Pro","Turku","","Finland","Current (until Dec 31st 2021)"
"238","Josh DiBattista",86089,1004,"Pro","Topsham","ME","United States","Current (until Dec 31st 2021)"
"239","Yasushi Jitsuhiro",8060,1004,"Pro","Nagareyama City / Chiba","","Japan","Current (until Dec 31st 2021)"
"240","Scott Conway",38603,1004,"Pro","Greenville","NC","United States","Current (until Dec 31st 2021)"
"241","Luis Nava",50383,1004,"Pro","Beaverton","OR","United States","Current (until Dec 31st 2021)"
"242","Ryan Sheldon",87836,1004,"Pro","Maplewood","MN","United States","Current (until Dec 31st 2021)"
"243","Randy Forsander",28735,1003,"Pro","Tulsa","OK","United States","Current (until Dec 31st 2021)"
"244","Vincent Polidori",81039,1003,"Pro","Menomonee Fls","WI","United States","Current (until Dec 31st 2021)"
"245","Nick Garcia",19786,1003,"Pro","San Jose","CA","United States","Current (until Dec 31st 2021)"
"246","Jacob Files",49148,1003,"Pro","kyle","TX","United States","Current (until Dec 31st 2021)"
"247","James Moore",31452,1003,"Pro","Gladstone","OR","United States","Current (until Dec 31st 2021)"
"248","Emile Barbe",57366,1003,"Pro","Genève","","Switzerland","Current (until Dec 31st 2021)"
"249","Ray Johnson",10355,1003,"Pro","Grass Valley","CA","United States","Current (until Dec 31st 2021)"
"250","Gavin Babcock",80331,1003,"Pro","Altoona","IA","United States","Current (until Dec 31st 2021)"
"251","Kevin Konsorr",47163,1003,"Pro","Bergkamen","","Germany","Current (until Dec 31st 2022)"
"252","Dylan Horst",32599,1003,"Pro","West Chester","PA","United States","Current (until Dec 31st 2021)"
"253","Coda Hatfield",23651,1003,"Pro","Norman","OK","United States","Current (until Dec 31st 2021)"
"254","Martin Spliid",38487,1003,"Pro","","","Denmark","Current (until Dec 31st 2021)"
"255","Joshua Castle",48747,1003,"Pro","Fresno","CA","United States","Current (until Dec 31st 2021)"
"256","Matthew Bloom-Edmonds",75635,1003,"Pro","North Chicago","IL","United States","Current (until Dec 31st 2021)"
"257","Shawn Sinclair",10819,1003,"Pro","Mount Juliet","TN","United States","Current (until Dec 31st 2021)"
"258","Mike Hover",47799,1003,"Pro","San Diego","CA","United States","Current (until Dec 31st 2021)"
"259","Blake Waldron",100981,1003,"Pro","Murfreesboro","TN","United States","Current (until Dec 31st 2021)"
"260","Chris Waugh",25269,1003,"Pro","Orting","WA","United States","Current (until Dec 31st 2021)"
"261","D.J. Gilbert",47851,1003,"Pro","Twin Falls","ID","United States","Current (until Dec 31st 2021)"
"262","Seth White",33182,1002,"Pro","Billings","MT","United States","Current (until Dec 31st 2021)"
"263","Chris Harris",37146,1002,"Pro","Round Rock","TX","United States","Current (until Dec 31st 2021)"
"264","Mike Conlee",41267,1002,"Pro","Oswego","IL","United States","Current (until Dec 31st 2021)"
"265","Bohdan Bílek",80134,1002,"Pro","Nový Jicín","","Czech Republic","Current (until Dec 31st 2021)"
"266","Daniel Riendeau",30286,1002,"Pro","Clearwater","FL","United States","Current (until Dec 31st 2021)"
"267","Keith Warren",13610,1002,"Pro","Stevens Point","WI","United States","Current (until Dec 31st 2021)"
"268","Antti Turpeinen",85256,1002,"Pro","OULU","","Finland","Current (until Dec 31st 2021)"
"269","Philip Bartholomew",45441,1002,"Pro","Raleigh","NC","United States","Current (until Dec 31st 2021)"
"270","Henry Manahan",62886,1002,"Pro","Tempe","AZ","United States","Current (until Dec 31st 2021)"
"271","Jonas Hälleblad",5309,1002,"Pro","Västervik","","Sweden","Current (until Dec 31st 2021)"
"272","Brandon Cawthorne",60069,1002,"Pro","Broken Arrow","OK","United States","Current (until Dec 31st 2021)"
"273","Gavin Ossenkop",60331,1002,"Pro","Norman","OK","United States","Current (until Dec 31st 2021)"
"274","Brady Och",89514,1002,"Pro","Los Gatos","CA","United States","Current (until Dec 31st 2021)"
"275","Zach Arlinghaus",65266,1002,"Pro","Edgewood","KY","United States","Current (until Dec 31st 2021)"
"276","Bartosz Kowalewski",68737,1002,"Pro","Beavercreek","OH","United States","Current (until Dec 31st 2021)"
"277","Daniel Lassiter",36306,1002,"Pro","Corvallis","OR","United States","Current (until Dec 31st 2021)"
"278","Don Bruner",80822,1002,"Pro","North Charleston","SC","United States","Current (until Dec 31st 2021)"
"279","Chris Smith",19983,1002,"Pro","Wichita","KS","United States","Current (until Dec 31st 2021)"
"280","Andrew Nava",52403,1002,"Pro","Beaverton","OR","United States","Current (until Dec 31st 2021)"
"281","Brodie Smith",128378,1002,"Pro","Dallas","TX","United States","Current (until Dec 31st 2021)"
"282","Joshua Patin",56037,1002,"Pro","Opelousas","LA","United States","Current (until Dec 31st 2021)"
"283","Victor Braun",35076,1002,"Pro","Potsdam","","Germany","Current (until Dec 31st 2021)"
"284","Peter Middlecamp",19026,1002,"Pro","Saint Paul","MN","United States","Current (until Dec 31st 2021)"
"285","Jörg Eberts",35078,1002,"Pro","Greifswald","","Germany","Current (until Dec 31st 2021)"
"286","Dan Schlitter",80219,1001,"Pro","Bartlett","IL","United States","Current (until Dec 31st 2021)"
"287","Kyle Normand",46836,1001,"Pro","Orangevale","CA","United States","Current (until Dec 31st 2021)"
"288","Sam Shiley",56072,1001,"Pro","White Post","VA","United States","Current (until Dec 31st 2021)"
"289","Bryson James",56345,1001,"Pro","Pendergrass","GA","United States","Current (until Dec 31st 2021)"
"290","Carlton Howard <U+24BD>",2300,1001,"Pro","Raleigh","NC","United States","Current (until Dec 31st 2112)"
"291","Alexander Lyon",80636,1001,"Pro","Orangevale","CA","United States","Current (until Dec 31st 2021)"
"292","Dutch Napier",31473,1001,"Pro","Owensboro","KY","United States","Current (until Dec 31st 2021)"
"293","Caleb Wilkins",60469,1001,"Pro","Bryan","TX","United States","Current (until Dec 31st 2021)"
"294","Fernando Brown",20093,1001,"Pro","Cibolo","TX","United States","Current (until Dec 31st 2021)"
"295","Jacob Sanders",78848,1001,"Pro","Austin","TX","United States","Current (until Dec 31st 2021)"
"296","Josiah O'Polka",88979,1001,"Pro","Bondurant","IA","United States","Current (until Dec 31st 2021)"
"297","Alan Wagner",28550,1001,"Pro","Montrose","IA","United States","Current (until Dec 31st 2021)"
"298","Kevin Babbit",11110,1001,"Pro","Lawrence","KS","United States","Current (until Dec 31st 2021)"
"299","Justin Gilbert",85457,1001,"Pro","Mooresville","NC","United States","Current (until Dec 31st 2022)"
"300","Andrew Schultz",32001,1001,"Pro","Sheboygan","WI","United States","Current (until Dec 31st 2021)"
"301","Ville Ahokas",53538,1001,"Pro","Turku","","Finland","Current (until Dec 31st 2021)"
"302","Kenneth C. Tyburski",45935,1001,"Pro","Arden","NC","United States","Current (until Dec 31st 2022)"
"303","Taylor Rafaleowski",111099,1001,"Pro","Snow Hill","NC","United States","Current (until Dec 31st 2021)"
"304","Matthew Blakely",15410,1001,"Pro","Lebanon","OH","United States","Current (until Dec 31st 2021)"
"305","Sean Goddard",86949,1001,"Pro","Cincinnati","OH","United States","Current (until Dec 31st 2021)"
"306","Sam Gibson",106189,1001,"Pro","Estacada","OR","United States","Current (until Dec 31st 2021)"
"307","Jakub Semerád",91925,1001,"Pro","Žleby","","Czech Republic","Current (until Dec 31st 2021)"
"308","Geoff Bennett",24962,1001,"Pro","Canton","MI","United States","Current (until Dec 31st 2021)"
"309","Dana Vicich",26228,1001,"Pro","Mokena","IL","United States","Current (until Dec 31st 2021)"
"310","Jeremy Marsh",96837,1001,"Pro","Lacey","WA","United States","Current (until Dec 31st 2021)"
"311","Sam Lee",78519,1001,"Pro","Mt Sterling","KY","United States","Current (until Dec 31st 2021)"
"312","Kyle Giovannini",60367,1001,"Pro","Dyer","IN","United States","Current (until Dec 31st 2021)"
"313","Aaron Trimmer",30388,1001,"Pro","West Bend","WI","United States","Current (until Dec 31st 2021)"
"314","Robert Nichols",34319,1001,"Pro","Commerce City","CO","United States","Current (until Dec 31st 2021)"
"315","Matt Dollar",26045,1000,"Pro","Newnan","GA","United States","Current (until Dec 31st 2021)"
"316","Tristan Tanner",99053,1000,"Pro","Longmont","CO","United States","Current (until Dec 31st 2021)"
"317","Michael Jordt",77562,1000,"Pro","New Bern","NC","United States","Current (until Dec 31st 2021)"
"318","Dai Takakura",8207,1000,"Pro","Nagoya Shi / Aichi","","Japan","Current (until Dec 31st 2021)"
"319","Keith Gallusser",25831,1000,"Pro","Brandenburg","KY","United States","Current (until Dec 31st 2021)"
"320","Spencer Ling",59438,1000,"Pro","Reno","NV","United States","Current (until Dec 31st 2021)"
"321","Levi Hancock",103050,1000,"Pro","Layton","UT","United States","Current (until Dec 31st 2021)"
"322","Mike Laitala",43081,1000,"Pro","Austin","TX","United States","Current (until Dec 31st 2021)"
"323","Matt Horsman",49731,1000,"Pro","Milwaukee","WI","United States","Current (until Dec 31st 2021)"
"324","Jake Bowen",20629,1000,"Pro","Lee's Summit","MO","United States","Current (until Dec 31st 2021)"
"325","Billy Lund",24379,1000,"Pro","Tulsa","OK","United States","Current (until Dec 31st 2021)"
"326","Jason Olcese",42584,1000,"Pro","Carmel Valley","CA","United States","Current (until Dec 31st 2021)"
"327","Josh Coghill",63364,1000,"Pro","Southaven","MS","United States","Current (until Dec 31st 2021)"
"328","James Beckner",49519,1000,"Pro","Anchorage","AK","United States","Current (until Dec 31st 2021)"
"329","Ryan Dickson",63650,1000,"Pro","Ukiah","CA","United States","Current (until Dec 31st 2021)"
"330","Will Schusterick",29064,1000,"Pro","Dalton","GA","United States","Current (until Dec 31st 2021)"
"331","Tyler Horne",16058,1000,"Pro","Columbus","OH","United States","Current (until Dec 31st 2021)"
"332","Danny Beauchamp",76153,1000,"Pro","Chicago","IL","United States","Current (until Dec 31st 2021)"
"333","Christopher Farnham",17686,1000,"Pro","Brownsboro","TX","United States","Current (until Dec 31st 2021)"
"334","Gary Costa",10298,1000,"Pro","Cincinnati","OH","United States","Current (until Dec 31st 2021)"
"335","Chris Shotwell",41918,1000,"Pro","Upland","CA","United States","Current (until Dec 31st 2021)"
"336","Nicholas Shuler",51907,1000,"Pro","Mountlake Ter","WA","United States","Current (until Dec 31st 2021)"
"337","David Jordan Bretado",26981,1000,"Pro","Pasadena","CA","United States","Current (until Dec 31st 2021)"
"338","Dallas Albright",31173,999,"Pro","Boonville","CA","United States","Current (until Dec 31st 2021)"
"339","Jared Johnson",41980,999,"Pro","Owatonna","MN","United States","Current (until Dec 31st 2021)"
"340","Kieran Nichols",27514,999,"Pro","Casco","ME","United States","Current (until Dec 31st 2021)"
"341","Nate Metzler",41220,999,"Pro","Boulder","CO","United States","Current (until Dec 31st 2021)"
"342","John Albert",88664,999,"Pro","Renton","WA","United States","Current (until Dec 31st 2021)"
"343","Jared Person",29708,999,"Pro","Athol","ID","United States","Current (until Dec 31st 2021)"
"344","Jeff Vandemark",26326,999,"Pro","Amelia","OH","United States","Current (until Dec 31st 2021)"
"345","Thomas Canfield",103148,999,"Pro","High Point","NC","United States","Current (until Dec 31st 2021)"
"346","Kevin Kiefer III",97115,999,"Pro","Valrico","FL","United States","Current (until Dec 31st 2021)"
"347","Jonathan Baldwin",18114,999,"Pro","Scotts Valley","CA","United States","Current (until Dec 31st 2021)"
"348","Nikolai Tsouloukidse",42859,999,"Pro","Berlin","","Germany","Current (until Dec 31st 2021)"
"349","Tanner Girouard",88077,999,"Pro","Orange","TX","United States","Current (until Dec 31st 2021)"
"350","David Eilers",29083,999,"Pro","Lutz","FL","United States","Current (until Dec 31st 2021)"
"351","Justin Bilodeau",45478,999,"Pro","Ogden","UT","United States","Current (until Dec 31st 2021)"
"352","Mike Carman",48559,999,"Pro","Ottsville","PA","United States","Current (until Dec 31st 2021)"
"353","Mason Yamada",66851,999,"Pro","Kenai","AK","United States","Current (until Dec 31st 2021)"
"354","Richard Koski",6982,999,"Pro","Modesto","CA","United States","Current (until Dec 31st 2021)"
"355","Stewart Mendenhall",91114,999,"Pro","Long Beach","CA","United States","Current (until Dec 31st 2021)"
"356","Dale Gatlin",20780,998,"Pro","Petaluma","CA","United States","Current (until Dec 31st 2021)"
"357","Andrew Hock",29435,998,"Pro","Eugene","OR","United States","Current (until Dec 31st 2021)"
"358","Ian Burchett",60435,998,"Pro","Oswego","IL","United States","Current (until Dec 31st 2021)"
"359","Alberto Ochoa",93782,998,"Pro","Plainfield","IL","United States","Current (until Dec 31st 2021)"
"360","Steven Jacobs",41260,998,"Pro","Winnetka","IL","United States","Current (until Dec 31st 2021)"
"361","Nolan Ramser",90461,998,"Pro","Wichita","KS","United States","Current (until Dec 31st 2021)"
"362","Mikael Hakala",51479,998,"Pro","Turku","","Finland","Current (until Dec 31st 2021)"
"363","Casey Cox",29737,998,"Pro","Baton Rouge","LA","United States","Current (until Dec 31st 2021)"
"364","Erik Rasmussen",37945,998,"Pro","Bossier City","LA","United States","Current (until Dec 31st 2021)"
"365","Jeremy Vaughan",93844,998,"Pro","New Albany","MS","United States","Current (until Dec 31st 2021)"
"366","Jason Lynn",46394,998,"Pro","Beech Island","SC","United States","Current (until Dec 31st 2021)"
"367","Andrew Rich",14349,998,"Pro","Eugene","OR","United States","Current (until Dec 31st 2021)"
"368","Chris Basuino",43371,998,"Pro","Concord","CA","United States","Current (until Dec 31st 2022)"
"369","Evan Smith",101574,998,"Pro","Raleigh","NC","United States","Current (until Dec 31st 2021)"
"370","Jason Light",16304,998,"Pro","Dacula","GA","United States","Current (until Dec 31st 2021)"
"371","Larry LaBond",6903,998,"Pro","Kalamazoo","MI","United States","Current (until Dec 31st 2021)"
"372","John Gabrielli",56470,998,"Pro","Roseville","MN","United States","Current (until Dec 31st 2021)"
"373","Eric Fitzsimons",54094,998,"Pro","Union City","TN","United States","Current (until Dec 31st 2021)"
"374","Ryan Orton",31364,998,"Pro","Topeka","KS","United States","Current (until Dec 31st 2021)"
"375","David Madruga",32315,997,"Pro","Auburn","CA","United States","Current (until Dec 31st 2021)"
"376","Wes Cherveny",74382,997,"Pro","Knightdale","NC","United States","Current (until Dec 31st 2021)"
"377","Chad Sherbert",61977,997,"Pro","Florence","MS","United States","Current (until Dec 31st 2021)"
"378","Daniel Polk",27276,997,"Pro","Shakopee","MN","United States","Current (until Dec 31st 2022)"
"379","Andrew Yang",88513,997,"Pro","Falls Church","VA","United States","Current (until Dec 31st 2021)"
"380","Eric Gallusser",25830,997,"Pro","Louisville","KY","United States","Current (until Dec 31st 2021)"
"381","Joona Heinänen",58926,997,"Pro","Vantaa","","Finland","Current (until Dec 31st 2021)"
"382","Sam Drummond",100689,997,"Pro","Black Mtn","NC","United States","Current (until Dec 31st 2021)"
"383","Dixon Jowers",17583,997,"Pro","Emporia","KS","United States","Current (until Dec 31st 2021)"
"384","Kevin Pfullmann",79309,997,"Pro","San Antonio","TX","United States","Current (until Dec 31st 2021)"
"385","Andrew Hendry",49714,997,"Pro","Frenchtown","NJ","United States","Current (until Dec 31st 2021)"
"386","Aaron Walther",39316,997,"Pro","Saint Louis","MO","United States","Current (until Dec 31st 2021)"
"387","Patrick Burke",28567,997,"Pro","Ann Arbor","MI","United States","Current (until Dec 31st 2021)"
"388","Clayton Lawson",69229,997,"Pro","Guthrie","OK","United States","Current (until Dec 31st 2021)"
"389","Robert Veliky",82998,997,"Pro","Hewitt","NJ","United States","Current (until Dec 31st 2021)"
"390","Nageeb Laborde",38482,997,"Pro","Baton Rouge","LA","United States","Current (until Dec 31st 2021)"
"391","Miko Fyhr",28836,997,"Pro","Helsinki","","Finland","Current (until Dec 31st 2021)"
"392","Brett Mierzejewski Stetson",79063,997,"Pro","Greenville","SC","United States","Current (until Dec 31st 2021)"
"393","Kouichi Fukuta",102802,997,"Pro","Toyokawa / Aichi","","Japan","Current (until Dec 31st 2021)"
"394","Toni Jaatinen",84795,997,"Pro","Jyväskylä","","Finland","Current (until Dec 31st 2021)"
"395","Michael Hoffman",46997,997,"Pro","Cookeville","TN","United States","Current (until Dec 31st 2022)"
"396","Evan Gurthie",12252,997,"Pro","Hawthorne","FL","United States","Current (until Dec 31st 2021)"
"397","Kevin Gleason",19195,997,"Pro","Salisbury","MD","United States","Current (until Dec 31st 2021)"
"398","Jason Tiligadas",42135,997,"Pro","Elmer","NJ","United States","Current (until Dec 31st 2021)"
"399","Jacob Chesser",96063,997,"Pro","Cumming","GA","United States","Current (until Dec 31st 2021)"
"400","J.C. Kester",36777,997,"Pro","Palisade","CO","United States","Current (until Dec 31st 2021)"
"401","Jordan Davidson",44454,997,"Pro","Knoxville","TN","United States","Current (until Dec 31st 2021)"
"402","Christopher Watson",27909,997,"Pro","Eureka","CA","United States","Current (until Dec 31st 2021)"
"403","Jasper Heino",57280,997,"Pro","Lokalahti","","Finland","Current (until Dec 31st 2021)"
"404","Carlos A. Rio",16108,997,"Pro","","GR","Spain","Current (until Dec 31st 2021)"
"405","Ricky Snapp",25999,997,"Pro","Poquoson","VA","United States","Current (until Dec 31st 2021)"
"406","Matthew Thompson",125969,997,"Pro","Graham","NC","United States","Current (until Dec 31st 2021)"
"407","Robert Max Washnieski",25275,997,"Pro","West Fargo","ND","United States","Current (until Dec 31st 2021)"
"408","Kristian Kuoksa",107078,997,"Pro","Oulu","","Finland","Current (until Dec 31st 2021)"
"409","Daniel Maloney",75201,996,"Pro","WEST BARNSTABLE","MA","United States","Current (until Dec 31st 2021)"
"410","Robert Sandrick",18463,996,"Pro","South Holland","IL","United States","Current (until Dec 31st 2021)"
"411","Adrian Zapata",64554,996,"Pro","Austin","TX","United States","Current (until Dec 31st 2021)"
"412","Tony Bass",20060,996,"Pro","Purvis","MS","United States","Current (until Dec 31st 2021)"
"413","Ben Squires",43290,996,"Pro","Coeur D Alene","ID","United States","Current (until Dec 31st 2021)"
"414","James Bergman",76386,996,"Pro","New Smyrna","FL","United States","Current (until Dec 31st 2021)"
"415","Joshua Castillo",62278,996,"Pro","Lewisville","TX","United States","Current (until Dec 31st 2021)"
"416","Jason Coke",10276,996,"Pro","Steilacoom","WA","United States","Current (until Dec 31st 2021)"
"417","Louie Tran",45383,996,"Pro","Tacoma","WA","United States","Current (until Dec 31st 2022)"
"418","Cary Trotter",19147,996,"Pro","Las Vegas","NV","United States","Current (until Dec 31st 2021)"
"419","Jason Baehr",16817,996,"Pro","Grass Valley","CA","United States","Current (until Dec 31st 2021)"
"420","John Fowler",6520,996,"Pro","Praireville","LA","United States","Current (until Dec 31st 2021)"
"421","Blake Thomas",68979,996,"Pro","Mt Sterling","KY","United States","Current (until Dec 31st 2021)"
"422","Mike Peremba",33492,996,"Pro","Santa Rosa","CA","United States","Current (until Dec 31st 2021)"
"423","Harrison Lerario",46707,996,"Pro","Brooklyn","NY","United States","Current (until Dec 31st 2021)"
"424","Antti Mertanen",80860,996,"Pro","Espoo","","Finland","Current (until Dec 31st 2021)"
"425","Dylan Rees",60300,996,"Pro","Avon","NY","United States","Current (until Dec 31st 2021)"
"426","Mitchell Privette",44938,996,"Pro","Saint Paul","MN","United States","Current (until Dec 31st 2021)"
"427","Jere Kukkurainen",80454,996,"Pro","Nummela","","Finland","Current (until Dec 31st 2021)"
"428","Jessie Mendez",21956,996,"Pro","Lubbock","TX","United States","Current (until Dec 31st 2021)"
"429","Mark Peters",45745,996,"Pro","Midland Park","NJ","United States","Current (until Dec 31st 2021)"
"430","Chad Albrecht",69966,996,"Pro","Napa","CA","United States","Current (until Dec 31st 2021)"
"431","Terran Ferguson",111010,996,"Pro","Keizer","OR","United States","Current (until Dec 31st 2021)"
"432","Robert Lockwood",42236,995,"Pro","Myrtle Creek","OR","United States","Current (until Dec 31st 2021)"
"433","Otto Karpio",72898,995,"Pro","Helsinki","","Finland","Current (until Dec 31st 2021)"
"434","Michael Walker",55303,995,"Pro","Concordia","KS","United States","Current (until Dec 31st 2021)"
"435","Jimmy Seechan",65354,995,"Pro","Rochester","MN","United States","Current (until Dec 31st 2021)"
"436","Jacob Henson",60440,995,"Pro","Southaven","MS","United States","Current (until Dec 31st 2021)"
"437","Trevon Crowe",67172,995,"Pro","Peru","IN","United States","Current (until Dec 31st 2021)"
"438","Silas Schultz",79047,995,"Pro","Baton Rouge","LA","United States","Current (until Dec 31st 2021)"
"439","Marshall Blanks",56886,995,"Pro","Austin","TX","United States","Current (until Dec 31st 2021)"
"440","Jared Brabant",100745,995,"Pro","Chillicothe","IL","United States","Current (until Dec 31st 2021)"
"441","Kyle Pinkman",29248,995,"Pro","Saint Cloud","MN","United States","Current (until Dec 31st 2021)"
"442","Matthew Hall",18133,995,"Pro","Livingston","TX","United States","Current (until Dec 31st 2021)"
"443","Buck Brogdon",38983,995,"Pro","Auburn","CA","United States","Current (until Dec 31st 2021)"
"444","Benjamin Page",74914,995,"Pro","Huntsville","AL","United States","Current (until Dec 31st 2021)"
"445","Joshua Hatcher",115038,995,"Pro","Spokane","WA","United States","Current (until Dec 31st 2021)"
"446","Christopher Keseloff",91498,995,"Pro","Cerritos","CA","United States","Current (until Dec 31st 2021)"
"447","Donavon Ferguson",55657,995,"Pro","Dalton","GA","United States","Current (until Dec 31st 2021)"
"448","Fredy Meza",100497,995,"Pro","Conroe","TX","United States","Current (until Dec 31st 2021)"
"449","Trent Somerville",92729,995,"Pro","Davis","CA","United States","Current (until Dec 31st 2021)"
"450","James Litchfield",38248,995,"Pro","Boise","ID","United States","Current (until Dec 31st 2021)"
"451","Willie Prince",31550,995,"Pro","Wyoming","MI","United States","Current (until Dec 31st 2021)"
"452","Don Smith",16831,995,"Pro","Brookdale","CA","United States","Current (until Dec 31st 2021)"
"453","Shasta Criss",28597,995,"Pro","Santa Cruz","CA","United States","Current (until Dec 31st 2021)"
"454","Robin Villman",68626,995,"Pro","Falun","","Sweden","Current (until Dec 31st 2021)"
"455","Daniel Rubalcaba",93600,995,"Pro","Santa Maria","CA","United States","Current (until Dec 31st 2021)"
"456","Youhei Ohtaki",8165,995,"Pro","Yurihonjo / Akita","","Japan","Current (until Dec 31st 2021)"
"457","Andrew Wade",16039,995,"Pro","Bend","OR","United States","Current (until Dec 31st 2021)"
"458","Luis Gomez",90994,995,"Pro","Lovington","NM","United States","Current (until Dec 31st 2021)"
"459","A.J. Herr",56485,995,"Pro","Tucson","AZ","United States","Current (until Dec 31st 2021)"
"460","Nicklaus Snelling",45724,995,"Pro","Moline","IL","United States","Current (until Dec 31st 2021)"
"461","Quintin Becker",69961,995,"Pro","Charles City","IA","United States","Current (until Dec 31st 2021)"
"462","Justin Anderson",55776,995,"Pro","Wilsonville","OR","United States","Current (until Dec 31st 2021)"
"463","Trey Gleim",100011,995,"Pro","Safety Harbor","FL","United States","Current (until Dec 31st 2021)"
"464","Kevin Sheehan",62461,995,"Pro","Missoula","MT","United States","Current (until Dec 31st 2021)"
"465","Garrett Tapken",48873,995,"Pro","San Diego","CA","United States","Current (until Dec 31st 2021)"
"466","Ryan Stellmaker",32128,994,"Pro","Mounds View","MN","United States","Current (until Dec 31st 2021)"
"467","Henrik Johansen",42493,994,"Pro","Kungsbacka","","Sweden","Current (until Dec 31st 2021)"
"468","Lance Brown",58644,994,"Pro","Burlington","NC","United States","Current (until Dec 31st 2021)"
"469","Mikko Ahjoniemi",63302,994,"Pro","Karkkila","","Finland","Current (until Dec 31st 2021)"
"470","David Diehl",77771,994,"Pro","","TN","United States","Current (until Dec 31st 2021)"
"471","Ryan Lane",19359,994,"Pro","Sisters","OR","United States","Current (until Dec 31st 2021)"
"472","Yutaro Sakai",80387,994,"Pro","Yokkaichi / Mie","","Japan","Current (until Dec 31st 2021)"
"473","Spencer Gausnell",42568,994,"Pro","Roseburg","OR","United States","Current (until Dec 31st 2021)"
"474","Mike Loya",4428,994,"Pro","Grass Valley","CA","United States","Current (until Dec 31st 2021)"
"475","Jeremiah Kraus",38737,994,"Pro","Beavercreek","OH","United States","Current (until Dec 31st 2021)"
"476","Ryan Kanavich",32198,994,"Pro","Columbia","MO","United States","Current (until Dec 31st 2021)"
"477","Ryan Kenney",67283,994,"Pro","Concord","NC","United States","Current (until Dec 31st 2021)"
"478","Andrew Brown",89148,994,"Pro","Madison","WI","United States","Current (until Dec 31st 2021)"
"479","Justin Joers",45713,994,"Pro","Tualatin","OR","United States","Current (until Dec 31st 2021)"
"480","Jake Froehle",78612,994,"Pro","Huntington Beach","CA","United States","Current (until Dec 31st 2021)"
"481","Christopher Robbins",109674,994,"Pro","Flagstaff","AZ","United States","Current (until Dec 31st 2021)"
"482","Zach Shiley",79285,994,"Pro","White Post","VA","United States","Current (until Dec 31st 2021)"
"483","Louis LaPorta",49094,994,"Pro","Saint Cloud","MN","United States","Current (until Dec 31st 2021)"
"484","Logan Riding",74221,994,"Pro","Clovis","CA","United States","Current (until Dec 31st 2021)"
"485","Sean Howard",71049,994,"Pro","Ringoes","NJ","United States","Current (until Dec 31st 2021)"
"486","Matthew Barajas",71050,994,"Pro","Houston","TX","United States","Current (until Dec 31st 2021)"
"487","Austin Pfaff",46314,994,"Pro","Richmond","VA","United States","Current (until Dec 31st 2021)"
"488","Kelby Roberts",72690,993,"Pro","Kunkletown","PA","United States","Current (until Dec 31st 2021)"
"489","Jason Duden",23558,993,"Pro","Des Moines","IA","United States","Current (until Dec 31st 2021)"
"490","John Willis II",23844,993,"Pro","Tyler","TX","United States","Current (until Dec 31st 2021)"
"491","Derek Sahr",39552,993,"Pro","Hopkins","MN","United States","Current (until Dec 31st 2021)"
"492","Jake Russell",79823,993,"Pro","Lk Havasu Cty","AZ","United States","Current (until Dec 31st 2021)"
"493","Tanner Cumpton",50231,993,"Pro","Dolores","CO","United States","Current (until Dec 31st 2021)"
"494","Elias Gripler",79004,993,"Pro","Kungsängen","","Sweden","Current (until Dec 31st 2021)"
"495","Edan Badajos",31776,993,"Pro","Homer","AK","United States","Current (until Dec 31st 2021)"
"496","Bryan Van Fleet",56167,993,"Pro","Salem","OR","United States","Current (until Dec 31st 2021)"
"497","Arvid Sollenby",66744,993,"Pro","Göteborg","","Sweden","Current (until Dec 31st 2021)"
"498","Clay Edwards",91397,993,"Pro","Matthews","NC","United States","Current (until Dec 31st 2021)"
"499","Crispin Carrasco",33698,993,"Pro","Wichita","KS","United States","Current (until Dec 31st 2021)"
"500","Jacob Velasco",118010,993,"Pro","Portland","OR","United States","Current (until Dec 31st 2021)"
